{
  "images": [
    {
      "scale": "1x",
      "idiom": "universal",
      "filename": "Wide310x150Logo.scale-200.png"
    },
    {
      "scale": "2x",
      "idiom": "universal",
      "filename": "Wide310x150Logo.scale-200.png"
    },
    {
      "scale": "3x",
      "idiom": "universal",
      "filename": "Wide310x150Logo.scale-200.png"
    },
    {
      "idiom": "universal"
    }
  ],
  "properties": {
    "template-rendering-intent": ""
  },
  "info": {
    "version": 1,
    "author": ""
  }
}