<?xml version="1.0" encoding="utf-8" ?>
<resources>

 <style name="MainTheme" parent="MainTheme.Base">
  
 </style>
 
 <!-- Base theme applied no matter what API -->
 <style name="MainTheme.Base" parent="Theme.AppCompat.Light.DarkActionBar">
  <!--If you are using revision 22.1 please use just windowNoTitle. Without android:-->
  <item name="windowNoTitle">true</item>
  <!--We will be using the toolbar so no need to show ActionBar-->
  <item name="windowActionBar">false</item>
  <!-- Set theme colors from http://www.google.com/design/spec/style/color.html#color-color-palette -->
  <!-- colorPrimary is used for the default action bar background -->
  <item name="colorPrimary">#2196F3</item>
  <!-- colorPrimaryDark is used for the status bar -->
  <item name="colorPrimaryDark">#1976D2</item>
  <!-- colorAccent is used as the default value for colorControlActivated
         which is used to tint widgets -->
  <item name="colorAccent">#FF4081</item>
  <!-- You can also set colorControlNormal, colorControlActivated
         colorControlHighlight and colorSwitchThumbNormal. -->
  <item name="windowActionModeOverlay">true</item>

  <item name="android:datePickerDialogTheme">@style/AppCompatDialogStyle</item>
 </style>

 <style name="AppCompatDialogStyle" parent="MainTheme">
  <item name="colorAccent">#FF4081</item>
 </style>


 <style name="myTheme" parent="MainTheme">
  
  <item name="android:buttonStyle">@style/mybutton</item>
  <item name="android:textAppearanceButton">@style/mybutton.text</item>
 </style>

 <style name="mybutton" parent="Base.Widget.AppCompat.Button.Borderless">
 </style>

 <style name="mybutton.text" parent="Base.TextAppearance.AppCompat.Button">
  <item name="textAllCaps">false</item>
  <item name="android:textAllCaps">false</item>
 </style>
</resources>
